,ctime,activePower,label
0,2020-03-04 11:00:00,11.0,0
1,2020-03-04 11:01:00,0.0,0
2,2020-03-04 11:02:00,0.0,0
3,2020-03-04 11:03:00,0.0,0
4,2020-03-04 11:04:00,0.0,0
5,2020-03-04 11:05:00,0.0,0
6,2020-03-04 11:06:00,0.0,0
7,2020-03-04 11:07:00,0.0,0
8,2020-03-04 11:08:00,0.0,0
9,2020-03-04 11:09:00,0.0,0
10,2020-03-04 11:10:00,0.0,0
11,2020-03-04 11:11:00,0.0,0
12,2020-03-04 11:12:00,0.0,0
13,2020-03-04 11:13:00,0.0,0
14,2020-03-04 11:14:00,308.0,0
15,2020-03-04 11:15:00,81.0,0
16,2020-03-04 11:16:00,79.0,0
17,2020-03-04 11:17:00,74.0,0
18,2020-03-04 11:18:00,73.0,0
19,2020-03-04 11:19:00,72.0,0
20,2020-03-04 11:20:00,72.0,0
21,2020-03-04 11:21:00,71.0,0
22,2020-03-04 11:22:00,70.0,0
23,2020-03-04 11:23:00,69.0,0
24,2020-03-04 11:24:00,69.0,0
25,2020-03-04 11:25:00,68.0,0
26,2020-03-04 11:26:00,68.0,0
27,2020-03-04 11:27:00,44.0,0
28,2020-03-04 11:28:00,60.1444532935911,1
29,2020-03-04 11:29:00,60.17059607997317,1
30,2020-03-04 11:30:00,0.0,0
31,2020-03-04 11:31:00,0.0,0
32,2020-03-04 11:32:00,0.0,0
33,2020-03-04 11:33:00,0.0,0
34,2020-03-04 11:34:00,0.0,0
35,2020-03-04 11:35:00,0.0,0
36,2020-03-04 11:36:00,0.0,0
37,2020-03-04 11:37:00,0.0,0
38,2020-03-04 11:38:00,0.0,0
39,2020-03-04 11:39:00,0.0,0
40,2020-03-04 11:40:00,0.0,0
41,2020-03-04 11:41:00,0.0,0
42,2020-03-04 11:42:00,0.0,0
43,2020-03-04 11:43:00,80.0,0
44,2020-03-04 11:44:00,79.0,0
45,2020-03-04 11:45:00,77.0,0
46,2020-03-04 11:46:00,73.0,0
47,2020-03-04 11:47:00,73.0,0
48,2020-03-04 11:48:00,71.0,0
49,2020-03-04 11:49:00,71.0,0
50,2020-03-04 11:50:00,70.0,0
51,2020-03-04 11:51:00,69.0,0
52,2020-03-04 11:52:00,68.0,0
53,2020-03-04 11:53:00,69.0,0
54,2020-03-04 11:54:00,68.0,0
55,2020-03-04 11:55:00,68.0,0
56,2020-03-04 11:56:00,51.0,0
57,2020-03-04 11:57:00,62.596134624536035,1
58,2020-03-04 11:58:00,61.90011409576157,1
59,2020-03-04 11:59:00,0.0,0
60,2020-03-04 12:00:00,0.0,0
61,2020-03-04 12:01:00,0.0,0
62,2020-03-04 12:02:00,0.0,0
63,2020-03-04 12:03:00,0.0,0
64,2020-03-04 12:04:00,0.0,0
65,2020-03-04 12:05:00,0.0,0
66,2020-03-04 12:06:00,0.0,0
67,2020-03-04 12:07:00,0.0,0
68,2020-03-04 12:08:00,0.0,0
69,2020-03-04 12:09:00,0.0,0
70,2020-03-04 12:10:00,0.0,0
71,2020-03-04 12:11:00,0.0,0
72,2020-03-04 12:12:00,327.0,0
73,2020-03-04 12:13:00,80.0,0
74,2020-03-04 12:14:00,77.0,0
75,2020-03-04 12:15:00,73.0,0
76,2020-03-04 12:16:00,73.0,0
77,2020-03-04 12:17:00,72.0,0
78,2020-03-04 12:18:00,71.0,0
79,2020-03-04 12:19:00,70.0,0
80,2020-03-04 12:20:00,70.0,0
81,2020-03-04 12:21:00,69.0,0
82,2020-03-04 12:22:00,68.0,0
83,2020-03-04 12:23:00,68.0,0
84,2020-03-04 12:24:00,68.0,0
85,2020-03-04 12:25:00,68.0755255887983,1
86,2020-03-04 12:26:00,68.48786540806165,1
87,2020-03-04 12:27:00,0.0,0
88,2020-03-04 12:28:00,0.0,0
89,2020-03-04 12:29:00,0.0,0
90,2020-03-04 12:30:00,0.0,0
91,2020-03-04 12:31:00,0.0,0
92,2020-03-04 12:32:00,0.0,0
93,2020-03-04 12:33:00,0.0,0
94,2020-03-04 12:34:00,0.0,0
95,2020-03-04 12:35:00,0.0,0
96,2020-03-04 12:36:00,0.0,0
97,2020-03-04 12:37:00,0.0,0
98,2020-03-04 12:38:00,0.0,0
99,2020-03-04 12:39:00,0.0,0
100,2020-03-04 12:40:00,0.0,0
101,2020-03-04 12:41:00,304.0,0
102,2020-03-04 12:42:00,80.0,0
103,2020-03-04 12:43:00,75.0,0
104,2020-03-04 12:44:00,73.0,0
105,2020-03-04 12:45:00,72.0,0
106,2020-03-04 12:46:00,71.0,0
107,2020-03-04 12:47:00,70.0,0
108,2020-03-04 12:48:00,69.0,0
109,2020-03-04 12:49:00,69.0,0
110,2020-03-04 12:50:00,69.0,0
111,2020-03-04 12:51:00,68.0,0
112,2020-03-04 12:52:00,68.0,0
113,2020-03-04 12:53:00,67.0,0
114,2020-03-04 12:54:00,33.5,0
115,2020-03-04 12:55:00,56.39971741263638,1
116,2020-03-04 12:56:00,56.24957149478161,1
117,2020-03-04 12:57:00,0.0,0
118,2020-03-04 12:58:00,0.0,0
119,2020-03-04 12:59:00,0.0,0
120,2020-03-04 13:00:00,0.0,0
121,2020-03-04 13:01:00,0.0,0
122,2020-03-04 13:02:00,0.0,0
123,2020-03-04 13:03:00,0.0,0
124,2020-03-04 13:04:00,0.0,0
125,2020-03-04 13:05:00,0.0,0
126,2020-03-04 13:06:00,0.0,0
127,2020-03-04 13:07:00,0.0,0
128,2020-03-04 13:08:00,0.0,0
129,2020-03-04 13:09:00,0.0,0
130,2020-03-04 13:10:00,282.0,0
131,2020-03-04 13:11:00,79.0,0
132,2020-03-04 13:12:00,75.0,0
133,2020-03-04 13:13:00,73.0,0
134,2020-03-04 13:14:00,72.0,0
135,2020-03-04 13:15:00,71.0,0
136,2020-03-04 13:16:00,70.0,0
137,2020-03-04 13:17:00,69.0,0
138,2020-03-04 13:18:00,69.0,0
139,2020-03-04 13:19:00,69.0,0
140,2020-03-04 13:20:00,68.0,0
141,2020-03-04 13:21:00,68.0,0
142,2020-03-04 13:22:00,67.0,0
143,2020-03-04 13:23:00,68.0391510990453,1
144,2020-03-04 13:24:00,68.14486230810077,1
145,2020-03-04 13:25:00,0.0,0
146,2020-03-04 13:26:00,0.0,0
147,2020-03-04 13:27:00,0.0,0
148,2020-03-04 13:28:00,0.0,0
149,2020-03-04 13:29:00,0.0,0
150,2020-03-04 13:30:00,0.0,0
151,2020-03-04 13:31:00,0.0,0
152,2020-03-04 13:32:00,0.0,0
153,2020-03-04 13:33:00,0.0,0
154,2020-03-04 13:34:00,0.0,0
155,2020-03-04 13:35:00,0.0,0
156,2020-03-04 13:36:00,0.0,0
157,2020-03-04 13:37:00,0.0,0
158,2020-03-04 13:38:00,0.0,0
159,2020-03-04 13:39:00,285.0,0
160,2020-03-04 13:40:00,78.0,0
161,2020-03-04 13:41:00,74.0,0
162,2020-03-04 13:42:00,73.0,0
163,2020-03-04 13:43:00,72.0,0
164,2020-03-04 13:44:00,71.0,0
165,2020-03-04 13:45:00,70.0,0
166,2020-03-04 13:46:00,70.0,0
167,2020-03-04 13:47:00,69.0,0
168,2020-03-04 13:48:00,68.0,0
169,2020-03-04 13:49:00,68.0,0
170,2020-03-04 13:50:00,68.0,0
171,2020-03-04 13:51:00,67.0,0
172,2020-03-04 13:52:00,68.12031599155299,1
173,2020-03-04 13:53:00,67.71360596219789,1
174,2020-03-04 13:54:00,0.0,0
175,2020-03-04 13:55:00,0.0,0
176,2020-03-04 13:56:00,0.0,0
177,2020-03-04 13:57:00,0.0,0
178,2020-03-04 13:58:00,0.0,0
179,2020-03-04 13:59:00,0.0,0
180,2020-03-04 14:00:00,0.0,0
181,2020-03-04 14:01:00,0.0,0
182,2020-03-04 14:02:00,0.0,0
183,2020-03-04 14:03:00,0.0,0
184,2020-03-04 14:04:00,0.0,0
185,2020-03-04 14:05:00,0.0,0
186,2020-03-04 14:06:00,0.0,0
187,2020-03-04 14:07:00,82.0,0
188,2020-03-04 14:08:00,80.0,0
189,2020-03-04 14:09:00,77.0,0
190,2020-03-04 14:10:00,73.0,0
191,2020-03-04 14:11:00,73.0,0
192,2020-03-04 14:12:00,72.0,0
193,2020-03-04 14:13:00,71.0,0
194,2020-03-04 14:14:00,70.0,0
195,2020-03-04 14:15:00,69.0,0
196,2020-03-04 14:16:00,69.0,0
197,2020-03-04 14:17:00,69.0,0
198,2020-03-04 14:18:00,68.0,0
199,2020-03-04 14:19:00,68.0,0
200,2020-03-04 14:20:00,68.0,0
201,2020-03-04 14:21:00,68.24485146898945,1
202,2020-03-04 14:22:00,68.15516500269504,1
203,2020-03-04 14:23:00,0.0,0
204,2020-03-04 14:24:00,0.0,0
205,2020-03-04 14:25:00,0.0,0
206,2020-03-04 14:26:00,0.0,0
207,2020-03-04 14:27:00,0.0,0
208,2020-03-04 14:28:00,0.0,0
209,2020-03-04 14:29:00,0.0,0
210,2020-03-04 14:30:00,0.0,0
211,2020-03-04 14:31:00,0.0,0
212,2020-03-04 14:32:00,0.0,0
213,2020-03-04 14:33:00,0.0,0
214,2020-03-04 14:34:00,0.0,0
215,2020-03-04 14:35:00,0.0,0
216,2020-03-04 14:36:00,81.0,0
217,2020-03-04 14:37:00,80.0,0
218,2020-03-04 14:38:00,77.0,0
219,2020-03-04 14:39:00,74.0,0
220,2020-03-04 14:40:00,73.0,0
221,2020-03-04 14:41:00,72.0,0
222,2020-03-04 14:42:00,72.0,0
223,2020-03-04 14:43:00,70.0,0
224,2020-03-04 14:44:00,70.0,0
225,2020-03-04 14:45:00,69.0,0
226,2020-03-04 14:46:00,69.0,0
227,2020-03-04 14:47:00,69.0,0
228,2020-03-04 14:48:00,68.0,0
229,2020-03-04 14:49:00,68.0,0
230,2020-03-04 14:50:00,68.21217920187486,1
231,2020-03-04 14:51:00,68.82219558436579,1
232,2020-03-04 14:52:00,0.0,0
233,2020-03-04 14:53:00,0.0,0
234,2020-03-04 14:54:00,0.0,0
235,2020-03-04 14:55:00,0.0,0
236,2020-03-04 14:56:00,0.0,0
237,2020-03-04 14:57:00,0.0,0
238,2020-03-04 14:58:00,0.0,0
239,2020-03-04 14:59:00,0.0,0
240,2020-03-04 15:00:00,0.0,0
241,2020-03-04 15:01:00,0.0,0
242,2020-03-04 15:02:00,0.0,0
243,2020-03-04 15:03:00,0.0,0
244,2020-03-04 15:04:00,0.0,0
245,2020-03-04 15:05:00,295.0,0
246,2020-03-04 15:06:00,80.0,0
247,2020-03-04 15:07:00,77.0,0
248,2020-03-04 15:08:00,74.0,0
249,2020-03-04 15:09:00,74.0,0
250,2020-03-04 15:10:00,72.0,0
251,2020-03-04 15:11:00,72.0,0
252,2020-03-04 15:12:00,70.0,0
253,2020-03-04 15:13:00,70.0,0
254,2020-03-04 15:14:00,70.0,0
255,2020-03-04 15:15:00,69.0,0
256,2020-03-04 15:16:00,68.0,0
257,2020-03-04 15:17:00,68.0,0
258,2020-03-04 15:18:00,67.0,0
259,2020-03-04 15:19:00,67.99809924319361,1
260,2020-03-04 15:20:00,67.5656957986389,1
261,2020-03-04 15:21:00,0.0,0
262,2020-03-04 15:22:00,0.0,0
263,2020-03-04 15:23:00,0.0,0
264,2020-03-04 15:24:00,0.0,0
265,2020-03-04 15:25:00,0.0,0
266,2020-03-04 15:26:00,0.0,0
267,2020-03-04 15:27:00,0.0,0
268,2020-03-04 15:28:00,0.0,0
269,2020-03-04 15:29:00,0.0,0
270,2020-03-04 15:30:00,0.0,0
271,2020-03-04 15:31:00,0.0,0
272,2020-03-04 15:32:00,0.0,0
273,2020-03-04 15:33:00,0.0,0
274,2020-03-04 15:34:00,81.0,0
275,2020-03-04 15:35:00,79.0,0
276,2020-03-04 15:36:00,76.0,0
277,2020-03-04 15:37:00,74.0,0
278,2020-03-04 15:38:00,72.0,0
279,2020-03-04 15:39:00,72.0,0
280,2020-03-04 15:40:00,71.0,0
281,2020-03-04 15:41:00,70.0,0
282,2020-03-04 15:42:00,70.0,0
283,2020-03-04 15:43:00,69.0,0
284,2020-03-04 15:44:00,69.0,0
285,2020-03-04 15:45:00,68.0,0
286,2020-03-04 15:46:00,68.0,0
287,2020-03-04 15:47:00,67.0,0
288,2020-03-04 15:48:00,67.52363341463467,1
289,2020-03-04 15:49:00,67.8623268112646,1
290,2020-03-04 15:50:00,0.0,0
291,2020-03-04 15:51:00,0.0,0
292,2020-03-04 15:52:00,0.0,0
293,2020-03-04 15:53:00,0.0,0
294,2020-03-04 15:54:00,0.0,0
295,2020-03-04 15:55:00,0.0,0
296,2020-03-04 15:56:00,0.0,0
297,2020-03-04 15:57:00,0.0,0
298,2020-03-04 15:58:00,0.0,0
299,2020-03-04 15:59:00,0.0,0
300,2020-03-04 16:00:00,0.0,0
301,2020-03-04 16:01:00,0.0,0
302,2020-03-04 16:02:00,0.0,0
303,2020-03-04 16:03:00,324.0,0
304,2020-03-04 16:04:00,79.0,0
305,2020-03-04 16:05:00,76.0,0
306,2020-03-04 16:06:00,73.0,0
307,2020-03-04 16:07:00,71.0,0
308,2020-03-04 16:08:00,71.0,0
309,2020-03-04 16:09:00,70.0,0
310,2020-03-04 16:10:00,69.0,0
311,2020-03-04 16:11:00,69.0,0
312,2020-03-04 16:12:00,69.0,0
313,2020-03-04 16:13:00,68.0,0
314,2020-03-04 16:14:00,67.0,0
315,2020-03-04 16:15:00,67.0,0
316,2020-03-04 16:16:00,57.0,0
317,2020-03-04 16:17:00,63.82090620008894,1
318,2020-03-04 16:18:00,64.12494250823984,1
319,2020-03-04 16:19:00,0.0,0
320,2020-03-04 16:20:00,0.0,0
321,2020-03-04 16:21:00,0.0,0
322,2020-03-04 16:22:00,0.0,0
323,2020-03-04 16:23:00,0.0,0
324,2020-03-04 16:24:00,0.0,0
325,2020-03-04 16:25:00,0.0,0
326,2020-03-04 16:26:00,0.0,0
327,2020-03-04 16:27:00,0.0,0
328,2020-03-04 16:28:00,0.0,0
329,2020-03-04 16:29:00,0.0,0
330,2020-03-04 16:30:00,0.0,0
331,2020-03-04 16:31:00,0.0,0
332,2020-03-04 16:32:00,291.0,0
333,2020-03-04 16:33:00,79.0,0
334,2020-03-04 16:34:00,75.0,0
335,2020-03-04 16:35:00,73.0,0
336,2020-03-04 16:36:00,71.0,0
337,2020-03-04 16:37:00,70.5,0
338,2020-03-04 16:38:00,70.0,0
339,2020-03-04 16:39:00,70.0,0
340,2020-03-04 16:40:00,69.0,0
341,2020-03-04 16:41:00,69.0,0
342,2020-03-04 16:42:00,68.0,0
343,2020-03-04 16:43:00,68.0,0
344,2020-03-04 16:44:00,68.0,0
345,2020-03-04 16:45:00,61.0,0
346,2020-03-04 16:46:00,65.89350375963825,1
347,2020-03-04 16:47:00,65.95151886708513,1
348,2020-03-04 16:48:00,0.0,0
349,2020-03-04 16:49:00,0.0,0
350,2020-03-04 16:50:00,0.0,0
351,2020-03-04 16:51:00,0.0,0
352,2020-03-04 16:52:00,0.0,0
353,2020-03-04 16:53:00,0.0,0
354,2020-03-04 16:54:00,0.0,0
355,2020-03-04 16:55:00,0.0,0
356,2020-03-04 16:56:00,0.0,0
357,2020-03-04 16:57:00,0.0,0
358,2020-03-04 16:58:00,0.0,0
359,2020-03-04 16:59:00,0.0,0
360,2020-03-04 17:00:00,0.0,0
361,2020-03-04 17:01:00,325.0,0
362,2020-03-04 17:02:00,80.0,0
363,2020-03-04 17:03:00,75.0,0
364,2020-03-04 17:04:00,73.0,0
365,2020-03-04 17:05:00,73.0,0
366,2020-03-04 17:06:00,71.0,0
367,2020-03-04 17:07:00,70.0,0
368,2020-03-04 17:08:00,70.0,0
369,2020-03-04 17:09:00,70.0,0
370,2020-03-04 17:10:00,69.0,0
371,2020-03-04 17:11:00,69.0,0
372,2020-03-04 17:12:00,68.0,0
373,2020-03-04 17:13:00,68.0,0
374,2020-03-04 17:14:00,68.210150386251,1
375,2020-03-04 17:15:00,68.54217851114042,1
376,2020-03-04 17:16:00,0.0,0
377,2020-03-04 17:17:00,0.0,0
378,2020-03-04 17:18:00,0.0,0
379,2020-03-04 17:19:00,0.0,0
380,2020-03-04 17:20:00,0.0,0
381,2020-03-04 17:21:00,0.0,0
382,2020-03-04 17:22:00,0.0,0
383,2020-03-04 17:23:00,0.0,0
384,2020-03-04 17:24:00,0.0,0
385,2020-03-04 17:25:00,0.0,0
386,2020-03-04 17:26:00,0.0,0
387,2020-03-04 17:27:00,0.0,0
388,2020-03-04 17:28:00,0.0,0
389,2020-03-04 17:29:00,0.0,0
390,2020-03-04 17:30:00,81.0,0
391,2020-03-04 17:31:00,78.0,0
392,2020-03-04 17:32:00,74.0,0
393,2020-03-04 17:33:00,74.0,0
394,2020-03-04 17:34:00,73.0,0
395,2020-03-04 17:35:00,72.0,0
396,2020-03-04 17:36:00,71.0,0
397,2020-03-04 17:37:00,70.0,0
398,2020-03-04 17:38:00,70.0,0
399,2020-03-04 17:39:00,69.0,0
400,2020-03-04 17:40:00,69.0,0
401,2020-03-04 17:41:00,68.0,0
402,2020-03-04 17:42:00,53.0,0
403,2020-03-04 17:43:00,26.5,0
404,2020-03-04 17:44:00,50.17718578543795,1
405,2020-03-04 17:45:00,50.73504297185447,1
406,2020-03-04 17:46:00,0.0,0
407,2020-03-04 17:47:00,0.0,0
408,2020-03-04 17:48:00,0.0,0
409,2020-03-04 17:49:00,0.0,0
410,2020-03-04 17:50:00,0.0,0
411,2020-03-04 17:51:00,0.0,0
412,2020-03-04 17:52:00,0.0,0
413,2020-03-04 17:53:00,0.0,0
414,2020-03-04 17:54:00,0.0,0
415,2020-03-04 17:55:00,0.0,0
416,2020-03-04 17:56:00,88.66666667,0
417,2020-03-04 17:57:00,177.3333333,0
418,2020-03-04 17:58:00,266.0,0
419,2020-03-04 17:59:00,81.0,0
420,2020-03-04 18:00:00,78.0,0
421,2020-03-04 18:01:00,74.0,0
422,2020-03-04 18:02:00,72.0,0
423,2020-03-04 18:03:00,72.0,0
424,2020-03-04 18:04:00,71.0,0
425,2020-03-04 18:05:00,70.0,0
426,2020-03-04 18:06:00,70.0,0
427,2020-03-04 18:07:00,70.0,0
428,2020-03-04 18:08:00,69.0,0
429,2020-03-04 18:09:00,69.0,0
430,2020-03-04 18:10:00,68.0,0
431,2020-03-04 18:11:00,68.0,0
432,2020-03-04 18:12:00,68.37862989217898,1
433,2020-03-04 18:13:00,68.37623133673108,1
434,2020-03-04 18:14:00,0.0,0
435,2020-03-04 18:15:00,0.0,0
436,2020-03-04 18:16:00,0.0,0
437,2020-03-04 18:17:00,0.0,0
438,2020-03-04 18:18:00,0.0,0
439,2020-03-04 18:19:00,0.0,0
440,2020-03-04 18:20:00,0.0,0
441,2020-03-04 18:21:00,0.0,0
442,2020-03-04 18:22:00,0.0,0
443,2020-03-04 18:23:00,0.0,0
444,2020-03-04 18:24:00,0.0,0
445,2020-03-04 18:25:00,0.0,0
446,2020-03-04 18:26:00,0.0,0
447,2020-03-04 18:27:00,304.0,0
448,2020-03-04 18:28:00,80.0,0
449,2020-03-04 18:29:00,78.0,0
450,2020-03-04 18:30:00,74.0,0
451,2020-03-04 18:31:00,73.0,0
452,2020-03-04 18:32:00,72.0,0
453,2020-03-04 18:33:00,71.0,0
454,2020-03-04 18:34:00,71.0,0
455,2020-03-04 18:35:00,69.0,0
456,2020-03-04 18:36:00,69.0,0
457,2020-03-04 18:37:00,69.0,0
458,2020-03-04 18:38:00,68.0,0
459,2020-03-04 18:39:00,68.0,0
460,2020-03-04 18:40:00,68.0,0
461,2020-03-04 18:41:00,69.06090813203743,1
462,2020-03-04 18:42:00,68.20307657918318,1
463,2020-03-04 18:43:00,0.0,0
464,2020-03-04 18:44:00,0.0,0
465,2020-03-04 18:45:00,0.0,0
466,2020-03-04 18:46:00,0.0,0
467,2020-03-04 18:47:00,0.0,0
468,2020-03-04 18:48:00,0.0,0
469,2020-03-04 18:49:00,0.0,0
470,2020-03-04 18:50:00,0.0,0
471,2020-03-04 18:51:00,0.0,0
472,2020-03-04 18:52:00,0.0,0
473,2020-03-04 18:53:00,0.0,0
474,2020-03-04 18:54:00,0.0,0
475,2020-03-04 18:55:00,0.0,0
476,2020-03-04 18:56:00,131.0,0
477,2020-03-04 18:57:00,80.0,0
478,2020-03-04 18:58:00,77.0,0
479,2020-03-04 18:59:00,74.0,0
480,2020-03-04 19:00:00,73.0,0
481,2020-03-04 19:01:00,71.0,0
482,2020-03-04 19:02:00,71.0,0
483,2020-03-04 19:03:00,70.0,0
484,2020-03-04 19:04:00,70.0,0
485,2020-03-04 19:05:00,69.0,0
486,2020-03-04 19:06:00,68.0,0
487,2020-03-04 19:07:00,68.0,0
488,2020-03-04 19:08:00,68.0,0
489,2020-03-04 19:09:00,67.0,0
490,2020-03-04 19:10:00,67.80046393460061,1
491,2020-03-04 19:11:00,67.82599840919775,1
492,2020-03-04 19:12:00,0.0,0
493,2020-03-04 19:13:00,0.0,0
494,2020-03-04 19:14:00,0.0,0
495,2020-03-04 19:15:00,0.0,0
496,2020-03-04 19:16:00,0.0,0
497,2020-03-04 19:17:00,0.0,0
498,2020-03-04 19:18:00,0.0,0
499,2020-03-04 19:19:00,0.0,0
500,2020-03-04 19:20:00,0.0,0
501,2020-03-04 19:21:00,0.0,0
502,2020-03-04 19:22:00,0.0,0
503,2020-03-04 19:23:00,0.0,0
504,2020-03-04 19:24:00,0.0,0
505,2020-03-04 19:25:00,295.0,0
506,2020-03-04 19:26:00,79.0,0
507,2020-03-04 19:27:00,77.0,0
508,2020-03-04 19:28:00,73.0,0
509,2020-03-04 19:29:00,73.0,0
510,2020-03-04 19:30:00,72.0,0
511,2020-03-04 19:31:00,72.0,0
512,2020-03-04 19:32:00,70.0,0
513,2020-03-04 19:33:00,70.0,0
514,2020-03-04 19:34:00,69.0,0
515,2020-03-04 19:35:00,69.0,0
516,2020-03-04 19:36:00,68.0,0
517,2020-03-04 19:37:00,68.0,0
518,2020-03-04 19:38:00,57.0,0
519,2020-03-04 19:39:00,64.92374296797365,1
520,2020-03-04 19:40:00,64.6611760428224,1
521,2020-03-04 19:41:00,0.0,0
522,2020-03-04 19:42:00,0.0,0
523,2020-03-04 19:43:00,0.0,0
524,2020-03-04 19:44:00,0.0,0
525,2020-03-04 19:45:00,0.0,0
526,2020-03-04 19:46:00,0.0,0
527,2020-03-04 19:47:00,0.0,0
528,2020-03-04 19:48:00,0.0,0
529,2020-03-04 19:49:00,0.0,0
530,2020-03-04 19:50:00,0.0,0
531,2020-03-04 19:51:00,0.0,0
532,2020-03-04 19:52:00,0.0,0
533,2020-03-04 19:53:00,0.0,0
534,2020-03-04 19:54:00,84.0,0
535,2020-03-04 19:55:00,79.0,0
536,2020-03-04 19:56:00,76.0,0
537,2020-03-04 19:57:00,73.0,0
538,2020-03-04 19:58:00,72.0,0
539,2020-03-04 19:59:00,72.0,0
540,2020-03-04 20:00:00,71.0,0
541,2020-03-04 20:01:00,70.0,0
542,2020-03-04 20:02:00,69.0,0
543,2020-03-04 20:03:00,69.0,0
544,2020-03-04 20:04:00,68.0,0
545,2020-03-04 20:05:00,67.0,0
546,2020-03-04 20:06:00,67.0,0
547,2020-03-04 20:07:00,67.56241881683736,1
548,2020-03-04 20:08:00,67.84044115784255,1
549,2020-03-04 20:09:00,0.0,0
550,2020-03-04 20:10:00,0.0,0
551,2020-03-04 20:11:00,0.0,0
552,2020-03-04 20:12:00,0.0,0
553,2020-03-04 20:13:00,0.0,0
554,2020-03-04 20:14:00,0.0,0
555,2020-03-04 20:15:00,0.0,0
556,2020-03-04 20:16:00,0.0,0
557,2020-03-04 20:17:00,0.0,0
558,2020-03-04 20:18:00,0.0,0
559,2020-03-04 20:19:00,0.0,0
560,2020-03-04 20:20:00,0.0,0
561,2020-03-04 20:21:00,0.0,0
562,2020-03-04 20:22:00,0.0,0
563,2020-03-04 20:23:00,270.0,0
564,2020-03-04 20:24:00,78.0,0
565,2020-03-04 20:25:00,75.0,0
566,2020-03-04 20:26:00,72.0,0
567,2020-03-04 20:27:00,72.0,0
568,2020-03-04 20:28:00,71.0,0
569,2020-03-04 20:29:00,70.0,0
570,2020-03-04 20:30:00,69.0,0
571,2020-03-04 20:31:00,69.0,0
572,2020-03-04 20:32:00,68.0,0
573,2020-03-04 20:33:00,68.0,0
574,2020-03-04 20:34:00,67.0,0
575,2020-03-04 20:35:00,66.0,0
576,2020-03-04 20:36:00,66.65318915445951,1
577,2020-03-04 20:37:00,67.28509492806087,1
578,2020-03-04 20:38:00,0.0,0
579,2020-03-04 20:39:00,0.0,0
580,2020-03-04 20:40:00,0.0,0
581,2020-03-04 20:41:00,0.0,0
582,2020-03-04 20:42:00,0.0,0
583,2020-03-04 20:43:00,0.0,0
584,2020-03-04 20:44:00,0.0,0
585,2020-03-04 20:45:00,0.0,0
586,2020-03-04 20:46:00,0.0,0
587,2020-03-04 20:47:00,0.0,0
588,2020-03-04 20:48:00,0.0,0
589,2020-03-04 20:49:00,0.0,0
590,2020-03-04 20:50:00,0.0,0
591,2020-03-04 20:51:00,159.0,0
592,2020-03-04 20:52:00,318.0,0
593,2020-03-04 20:53:00,77.0,0
594,2020-03-04 20:54:00,73.0,0
595,2020-03-04 20:55:00,72.0,0
596,2020-03-04 20:56:00,71.0,0
597,2020-03-04 20:57:00,70.0,0
598,2020-03-04 20:58:00,70.0,0
599,2020-03-04 20:59:00,69.0,0
600,2020-03-04 21:00:00,68.0,0
601,2020-03-04 21:01:00,68.0,0
602,2020-03-04 21:02:00,67.0,0
603,2020-03-04 21:03:00,67.0,0
604,2020-03-04 21:04:00,67.0,0
605,2020-03-04 21:05:00,67.59356600533677,1
606,2020-03-04 21:06:00,67.01417028438075,1
607,2020-03-04 21:07:00,0.0,0
608,2020-03-04 21:08:00,0.0,0
609,2020-03-04 21:09:00,0.0,0
610,2020-03-04 21:10:00,0.0,0
611,2020-03-04 21:11:00,0.0,0
612,2020-03-04 21:12:00,0.0,0
613,2020-03-04 21:13:00,0.0,0
614,2020-03-04 21:14:00,0.0,0
615,2020-03-04 21:15:00,0.0,0
616,2020-03-04 21:16:00,0.0,0
617,2020-03-04 21:17:00,0.0,0
618,2020-03-04 21:18:00,0.0,0
619,2020-03-04 21:19:00,0.0,0
620,2020-03-04 21:20:00,152.0,0
621,2020-03-04 21:21:00,80.0,0
622,2020-03-04 21:22:00,78.0,0
623,2020-03-04 21:23:00,73.0,0
624,2020-03-04 21:24:00,73.0,0
625,2020-03-04 21:25:00,72.0,0
626,2020-03-04 21:26:00,72.0,0
627,2020-03-04 21:27:00,70.0,0
628,2020-03-04 21:28:00,70.0,0
629,2020-03-04 21:29:00,69.0,0
630,2020-03-04 21:30:00,68.0,0
631,2020-03-04 21:31:00,68.0,0
632,2020-03-04 21:32:00,67.0,0
633,2020-03-04 21:33:00,22.0,0
634,2020-03-04 21:34:00,52.5325516021708,1
635,2020-03-04 21:35:00,52.44497179707042,1
636,2020-03-04 21:36:00,0.0,0
637,2020-03-04 21:37:00,0.0,0
638,2020-03-04 21:38:00,0.0,0
639,2020-03-04 21:39:00,0.0,0
640,2020-03-04 21:40:00,0.0,0
641,2020-03-04 21:41:00,0.0,0
642,2020-03-04 21:42:00,0.0,0
643,2020-03-04 21:43:00,0.0,0
644,2020-03-04 21:44:00,0.0,0
645,2020-03-04 21:45:00,0.0,0
646,2020-03-04 21:46:00,0.0,0
647,2020-03-04 21:47:00,0.0,0
648,2020-03-04 21:48:00,0.0,0
649,2020-03-04 21:49:00,80.0,0
650,2020-03-04 21:50:00,79.0,0
651,2020-03-04 21:51:00,76.0,0
652,2020-03-04 21:52:00,73.0,0
653,2020-03-04 21:53:00,72.0,0
654,2020-03-04 21:54:00,72.0,0
655,2020-03-04 21:55:00,71.0,0
656,2020-03-04 21:56:00,70.0,0
657,2020-03-04 21:57:00,69.0,0
658,2020-03-04 21:58:00,69.0,0
659,2020-03-04 21:59:00,68.0,0
660,2020-03-04 22:00:00,68.0,0
661,2020-03-04 22:01:00,67.0,0
662,2020-03-04 22:02:00,68.01388784400979,1
663,2020-03-04 22:03:00,68.06422985144042,1
664,2020-03-04 22:04:00,0.0,0
665,2020-03-04 22:05:00,0.0,0
666,2020-03-04 22:06:00,0.0,0
667,2020-03-04 22:07:00,0.0,0
668,2020-03-04 22:08:00,0.0,0
669,2020-03-04 22:09:00,0.0,0
670,2020-03-04 22:10:00,0.0,0
671,2020-03-04 22:11:00,0.0,0
672,2020-03-04 22:12:00,0.0,0
673,2020-03-04 22:13:00,0.0,0
674,2020-03-04 22:14:00,0.0,0
675,2020-03-04 22:15:00,0.0,0
676,2020-03-04 22:16:00,0.0,0
677,2020-03-04 22:17:00,0.0,0
678,2020-03-04 22:18:00,334.0,0
679,2020-03-04 22:19:00,79.0,0
680,2020-03-04 22:20:00,76.0,0
681,2020-03-04 22:21:00,73.0,0
682,2020-03-04 22:22:00,71.0,0
683,2020-03-04 22:23:00,72.0,0
684,2020-03-04 22:24:00,71.0,0
685,2020-03-04 22:25:00,70.0,0
686,2020-03-04 22:26:00,69.0,0
687,2020-03-04 22:27:00,68.0,0
688,2020-03-04 22:28:00,67.0,0
689,2020-03-04 22:29:00,68.0,0
690,2020-03-04 22:30:00,68.0,0
691,2020-03-04 22:31:00,67.9198908068193,1
692,2020-03-04 22:32:00,68.06967823681809,1
693,2020-03-04 22:33:00,0.0,0
694,2020-03-04 22:34:00,0.0,0
695,2020-03-04 22:35:00,0.0,0
696,2020-03-04 22:36:00,0.0,0
697,2020-03-04 22:37:00,0.0,0
698,2020-03-04 22:38:00,0.0,0
699,2020-03-04 22:39:00,0.0,0
700,2020-03-04 22:40:00,0.0,0
701,2020-03-04 22:41:00,0.0,0
702,2020-03-04 22:42:00,0.0,0
703,2020-03-04 22:43:00,0.0,0
704,2020-03-04 22:44:00,0.0,0
705,2020-03-04 22:45:00,0.0,0
706,2020-03-04 22:46:00,0.0,0
707,2020-03-04 22:47:00,276.0,0
708,2020-03-04 22:48:00,79.0,0
709,2020-03-04 22:49:00,75.0,0
710,2020-03-04 22:50:00,72.0,0
711,2020-03-04 22:51:00,71.0,0
712,2020-03-04 22:52:00,71.0,0
713,2020-03-04 22:53:00,71.0,0
714,2020-03-04 22:54:00,70.0,0
715,2020-03-04 22:55:00,69.0,0
716,2020-03-04 22:56:00,69.0,0
717,2020-03-04 22:57:00,68.0,0
718,2020-03-04 22:58:00,68.0,0
719,2020-03-04 22:59:00,45.0,0
720,2020-03-04 23:00:00,60.60517151082307,1
721,2020-03-04 23:01:00,60.67208124920681,1
722,2020-03-04 23:02:00,0.0,0
723,2020-03-04 23:03:00,0.0,0
724,2020-03-04 23:04:00,0.0,0
725,2020-03-04 23:05:00,0.0,0
726,2020-03-04 23:06:00,0.0,0
727,2020-03-04 23:07:00,0.0,0
728,2020-03-04 23:08:00,0.0,0
729,2020-03-04 23:09:00,0.0,0
730,2020-03-04 23:10:00,0.0,0
731,2020-03-04 23:11:00,0.0,0
732,2020-03-04 23:12:00,0.0,0
733,2020-03-04 23:13:00,0.0,0
734,2020-03-04 23:14:00,0.0,0
735,2020-03-04 23:15:00,0.0,0
736,2020-03-04 23:16:00,195.0,0
737,2020-03-04 23:17:00,78.0,0
738,2020-03-04 23:18:00,74.0,0
739,2020-03-04 23:19:00,72.0,0
740,2020-03-04 23:20:00,72.0,0
741,2020-03-04 23:21:00,70.0,0
742,2020-03-04 23:22:00,70.0,0
743,2020-03-04 23:23:00,69.0,0
744,2020-03-04 23:24:00,68.0,0
745,2020-03-04 23:25:00,68.0,0
746,2020-03-04 23:26:00,68.0,0
747,2020-03-04 23:27:00,68.0,0
748,2020-03-04 23:28:00,67.95363332505471,1
749,2020-03-04 23:29:00,0.0,0
750,2020-03-04 23:30:00,0.0,0
751,2020-03-04 23:31:00,0.0,0
752,2020-03-04 23:32:00,0.0,0
753,2020-03-04 23:33:00,0.0,0
754,2020-03-04 23:34:00,0.0,0
755,2020-03-04 23:35:00,0.0,0
756,2020-03-04 23:36:00,0.0,0
757,2020-03-04 23:37:00,0.0,0
758,2020-03-04 23:38:00,0.0,0
759,2020-03-04 23:39:00,0.0,0
760,2020-03-04 23:40:00,0.0,0
761,2020-03-04 23:41:00,0.0,0
762,2020-03-04 23:42:00,0.0,0
763,2020-03-04 23:43:00,289.0,0
764,2020-03-04 23:44:00,79.0,0
765,2020-03-04 23:45:00,76.0,0
766,2020-03-04 23:46:00,73.0,0
767,2020-03-04 23:47:00,72.0,0
768,2020-03-04 23:48:00,72.0,0
769,2020-03-04 23:49:00,70.0,0
770,2020-03-04 23:50:00,71.0,0
771,2020-03-04 23:51:00,69.0,0
772,2020-03-04 23:52:00,69.0,0
773,2020-03-04 23:53:00,68.0,0
774,2020-03-04 23:54:00,68.0,0
775,2020-03-04 23:55:00,67.0,0
776,2020-03-04 23:56:00,67.61850641757091,1
777,2020-03-04 23:57:00,67.82881791468284,1
778,2020-03-04 23:58:00,0.0,0
779,2020-03-04 23:59:00,0.0,0
780,2020-03-05 00:00:00,0.0,0
781,2020-03-05 00:01:00,0.0,0
782,2020-03-05 00:02:00,0.0,0
783,2020-03-05 00:03:00,0.0,0
784,2020-03-05 00:04:00,0.0,0
785,2020-03-05 00:05:00,0.0,0
786,2020-03-05 00:06:00,0.0,0
787,2020-03-05 00:07:00,0.0,0
788,2020-03-05 00:08:00,0.0,0
789,2020-03-05 00:09:00,0.0,0
790,2020-03-05 00:10:00,0.0,0
791,2020-03-05 00:11:00,0.0,0
792,2020-03-05 00:12:00,81.0,0
793,2020-03-05 00:13:00,80.0,0
794,2020-03-05 00:14:00,77.0,0
795,2020-03-05 00:15:00,73.0,0
796,2020-03-05 00:16:00,73.0,0
797,2020-03-05 00:17:00,72.0,0
798,2020-03-05 00:18:00,71.0,0
799,2020-03-05 00:19:00,71.0,0
800,2020-03-05 00:20:00,69.0,0
801,2020-03-05 00:21:00,69.0,0
802,2020-03-05 00:22:00,68.0,0
803,2020-03-05 00:23:00,68.0,0
804,2020-03-05 00:24:00,68.0,0
805,2020-03-05 00:25:00,67.7823450982071,1
806,2020-03-05 00:26:00,68.3245165932247,1
807,2020-03-05 00:27:00,0.0,0
808,2020-03-05 00:28:00,0.0,0
809,2020-03-05 00:29:00,0.0,0
810,2020-03-05 00:30:00,0.0,0
811,2020-03-05 00:31:00,0.0,0
812,2020-03-05 00:32:00,0.0,0
813,2020-03-05 00:33:00,0.0,0
814,2020-03-05 00:34:00,0.0,0
815,2020-03-05 00:35:00,0.0,0
816,2020-03-05 00:36:00,0.0,0
817,2020-03-05 00:37:00,0.0,0
818,2020-03-05 00:38:00,0.0,0
819,2020-03-05 00:39:00,0.0,0
820,2020-03-05 00:40:00,0.0,0
821,2020-03-05 00:41:00,326.0,0
822,2020-03-05 00:42:00,80.0,0
823,2020-03-05 00:43:00,77.0,0
824,2020-03-05 00:44:00,72.0,0
825,2020-03-05 00:45:00,72.0,0
826,2020-03-05 00:46:00,71.0,0
827,2020-03-05 00:47:00,70.0,0
828,2020-03-05 00:48:00,70.0,0
829,2020-03-05 00:49:00,68.0,0
830,2020-03-05 00:50:00,68.0,0
831,2020-03-05 00:51:00,68.0,0
832,2020-03-05 00:52:00,68.0,0
833,2020-03-05 00:53:00,68.20390285193301,1
834,2020-03-05 00:54:00,3.0,0
835,2020-03-05 00:55:00,1.5,0
836,2020-03-05 00:56:00,0.0,0
837,2020-03-05 00:57:00,0.0,0
838,2020-03-05 00:58:00,0.0,0
839,2020-03-05 00:59:00,0.0,0
840,2020-03-05 01:00:00,0.0,0
841,2020-03-05 01:01:00,0.0,0
842,2020-03-05 01:02:00,0.0,0
843,2020-03-05 01:03:00,0.0,0
844,2020-03-05 01:04:00,0.0,0
845,2020-03-05 01:05:00,0.0,0
846,2020-03-05 01:06:00,0.0,0
847,2020-03-05 01:07:00,0.0,0
848,2020-03-05 01:08:00,114.0,0
849,2020-03-05 01:09:00,228.0,0
850,2020-03-05 01:10:00,79.0,0
851,2020-03-05 01:11:00,76.0,0
852,2020-03-05 01:12:00,72.0,0
853,2020-03-05 01:13:00,72.0,0
854,2020-03-05 01:14:00,71.0,0
855,2020-03-05 01:15:00,70.0,0
856,2020-03-05 01:16:00,69.0,0
857,2020-03-05 01:17:00,69.0,0
858,2020-03-05 01:18:00,68.0,0
859,2020-03-05 01:19:00,68.0,0
860,2020-03-05 01:20:00,67.0,0
861,2020-03-05 01:21:00,67.81823434627984,1
862,2020-03-05 01:22:00,67.39901090057809,1
863,2020-03-05 01:23:00,0.0,0
864,2020-03-05 01:24:00,0.0,0
865,2020-03-05 01:25:00,0.0,0
866,2020-03-05 01:26:00,0.0,0
867,2020-03-05 01:27:00,0.0,0
868,2020-03-05 01:28:00,0.0,0
869,2020-03-05 01:29:00,0.0,0
870,2020-03-05 01:30:00,0.0,0
871,2020-03-05 01:31:00,0.0,0
872,2020-03-05 01:32:00,0.0,0
873,2020-03-05 01:33:00,0.0,0
874,2020-03-05 01:34:00,0.0,0
875,2020-03-05 01:35:00,0.0,0
876,2020-03-05 01:36:00,0.0,0
877,2020-03-05 01:37:00,0.0,0
878,2020-03-05 01:38:00,81.0,0
879,2020-03-05 01:39:00,78.0,0
880,2020-03-05 01:40:00,74.0,0
881,2020-03-05 01:41:00,73.0,0
882,2020-03-05 01:42:00,72.0,0
883,2020-03-05 01:43:00,71.0,0
884,2020-03-05 01:44:00,70.0,0
885,2020-03-05 01:45:00,69.0,0
886,2020-03-05 01:46:00,69.0,0
887,2020-03-05 01:47:00,68.0,0
888,2020-03-05 01:48:00,68.0,0
889,2020-03-05 01:49:00,67.0,0
890,2020-03-05 01:50:00,67.98596330605649,1
891,2020-03-05 01:51:00,0.0,0
892,2020-03-05 01:52:00,0.0,0
893,2020-03-05 01:53:00,0.0,0
894,2020-03-05 01:54:00,0.0,0
895,2020-03-05 01:55:00,0.0,0
896,2020-03-05 01:56:00,0.0,0
897,2020-03-05 01:57:00,0.0,0
898,2020-03-05 01:58:00,0.0,0
899,2020-03-05 01:59:00,0.0,0
900,2020-03-05 02:00:00,0.0,0
901,2020-03-05 02:01:00,0.0,0
902,2020-03-05 02:02:00,0.0,0
903,2020-03-05 02:03:00,0.0,0
904,2020-03-05 02:04:00,0.0,0
905,2020-03-05 02:05:00,0.0,0
906,2020-03-05 02:06:00,228.0,0
907,2020-03-05 02:07:00,78.0,0
908,2020-03-05 02:08:00,74.0,0
909,2020-03-05 02:09:00,72.0,0
910,2020-03-05 02:10:00,71.0,0
911,2020-03-05 02:11:00,71.0,0
912,2020-03-05 02:12:00,71.0,0
913,2020-03-05 02:13:00,70.0,0
914,2020-03-05 02:14:00,69.0,0
915,2020-03-05 02:15:00,69.0,0
916,2020-03-05 02:16:00,68.0,0
917,2020-03-05 02:17:00,67.0,0
918,2020-03-05 02:18:00,68.06864060165981,1
919,2020-03-05 02:19:00,0.0,0
920,2020-03-05 02:20:00,0.0,0
921,2020-03-05 02:21:00,0.0,0
922,2020-03-05 02:22:00,0.0,0
923,2020-03-05 02:23:00,0.0,0
924,2020-03-05 02:24:00,0.0,0
925,2020-03-05 02:25:00,0.0,0
926,2020-03-05 02:26:00,0.0,0
927,2020-03-05 02:27:00,0.0,0
928,2020-03-05 02:28:00,0.0,0
929,2020-03-05 02:29:00,0.0,0
930,2020-03-05 02:30:00,0.0,0
931,2020-03-05 02:31:00,0.0,0
932,2020-03-05 02:32:00,0.0,0
933,2020-03-05 02:33:00,0.0,0
934,2020-03-05 02:34:00,81.0,0
935,2020-03-05 02:35:00,78.0,0
936,2020-03-05 02:36:00,73.0,0
937,2020-03-05 02:37:00,72.0,0
938,2020-03-05 02:38:00,72.0,0
939,2020-03-05 02:39:00,71.0,0
940,2020-03-05 02:40:00,70.0,0
941,2020-03-05 02:41:00,70.0,0
942,2020-03-05 02:42:00,69.0,0
943,2020-03-05 02:43:00,69.0,0
944,2020-03-05 02:44:00,68.0,0
945,2020-03-05 02:45:00,67.0,0
946,2020-03-05 02:46:00,67.7863092794841,1
947,2020-03-05 02:47:00,0.0,0
948,2020-03-05 02:48:00,0.0,0
949,2020-03-05 02:49:00,0.0,0
950,2020-03-05 02:50:00,0.0,0
951,2020-03-05 02:51:00,0.0,0
952,2020-03-05 02:52:00,0.0,0
953,2020-03-05 02:53:00,0.0,0
954,2020-03-05 02:54:00,0.0,0
955,2020-03-05 02:55:00,0.0,0
956,2020-03-05 02:56:00,0.0,0
957,2020-03-05 02:57:00,0.0,0
958,2020-03-05 02:58:00,0.0,0
959,2020-03-05 02:59:00,0.0,0
960,2020-03-05 03:00:00,0.0,0
961,2020-03-05 03:01:00,80.0,0
962,2020-03-05 03:02:00,80.0,0
963,2020-03-05 03:03:00,79.0,0
964,2020-03-05 03:04:00,73.0,0
965,2020-03-05 03:05:00,72.0,0
966,2020-03-05 03:06:00,71.0,0
967,2020-03-05 03:07:00,71.0,0
968,2020-03-05 03:08:00,69.0,0
969,2020-03-05 03:09:00,69.0,0
970,2020-03-05 03:10:00,69.0,0
971,2020-03-05 03:11:00,68.0,0
972,2020-03-05 03:12:00,68.0,0
973,2020-03-05 03:13:00,67.0,0
974,2020-03-05 03:14:00,67.93910344295976,1
975,2020-03-05 03:15:00,68.02865781918379,1
976,2020-03-05 03:16:00,0.0,0
977,2020-03-05 03:17:00,0.0,0
978,2020-03-05 03:18:00,0.0,0
979,2020-03-05 03:19:00,0.0,0
980,2020-03-05 03:20:00,0.0,0
981,2020-03-05 03:21:00,0.0,0
982,2020-03-05 03:22:00,0.0,0
983,2020-03-05 03:23:00,0.0,0
984,2020-03-05 03:24:00,0.0,0
985,2020-03-05 03:25:00,0.0,0
986,2020-03-05 03:26:00,0.0,0
987,2020-03-05 03:27:00,0.0,0
988,2020-03-05 03:28:00,0.0,0
989,2020-03-05 03:29:00,0.0,0
990,2020-03-05 03:30:00,187.0,0
991,2020-03-05 03:31:00,80.0,0
992,2020-03-05 03:32:00,77.0,0
993,2020-03-05 03:33:00,72.0,0
994,2020-03-05 03:34:00,72.0,0
995,2020-03-05 03:35:00,71.0,0
996,2020-03-05 03:36:00,71.0,0
997,2020-03-05 03:37:00,69.0,0
998,2020-03-05 03:38:00,70.0,0
999,2020-03-05 03:39:00,69.0,0
1000,2020-03-05 03:40:00,68.0,0
1001,2020-03-05 03:41:00,68.0,0
1002,2020-03-05 03:42:00,68.49495089207971,1
1003,2020-03-05 03:43:00,0.0,0
1004,2020-03-05 03:44:00,0.0,0
1005,2020-03-05 03:45:00,0.0,0
1006,2020-03-05 03:46:00,0.0,0
1007,2020-03-05 03:47:00,0.0,0
1008,2020-03-05 03:48:00,0.0,0
1009,2020-03-05 03:49:00,0.0,0
1010,2020-03-05 03:50:00,0.0,0
1011,2020-03-05 03:51:00,0.0,0
1012,2020-03-05 03:52:00,0.0,0
1013,2020-03-05 03:53:00,0.0,0
1014,2020-03-05 03:54:00,0.0,0
1015,2020-03-05 03:55:00,0.0,0
1016,2020-03-05 03:56:00,0.0,0
1017,2020-03-05 03:57:00,0.0,0
1018,2020-03-05 03:58:00,274.0,0
1019,2020-03-05 03:59:00,80.0,0
1020,2020-03-05 04:00:00,75.0,0
1021,2020-03-05 04:01:00,72.0,0
1022,2020-03-05 04:02:00,72.0,0
1023,2020-03-05 04:03:00,71.0,0
1024,2020-03-05 04:04:00,71.0,0
1025,2020-03-05 04:05:00,69.0,0
1026,2020-03-05 04:06:00,69.0,0
1027,2020-03-05 04:07:00,69.0,0
1028,2020-03-05 04:08:00,68.0,0
1029,2020-03-05 04:09:00,68.0,0
1030,2020-03-05 04:10:00,68.40176110877137,1
1031,2020-03-05 04:11:00,0.0,0
1032,2020-03-05 04:12:00,0.0,0
1033,2020-03-05 04:13:00,0.0,0
1034,2020-03-05 04:14:00,0.0,0
1035,2020-03-05 04:15:00,0.0,0
1036,2020-03-05 04:16:00,0.0,0
1037,2020-03-05 04:17:00,0.0,0
1038,2020-03-05 04:18:00,0.0,0
1039,2020-03-05 04:19:00,0.0,0
1040,2020-03-05 04:20:00,0.0,0
1041,2020-03-05 04:21:00,0.0,0
1042,2020-03-05 04:22:00,0.0,0
1043,2020-03-05 04:23:00,0.0,0
1044,2020-03-05 04:24:00,0.0,0
1045,2020-03-05 04:25:00,0.0,0
1046,2020-03-05 04:26:00,309.0,0
1047,2020-03-05 04:27:00,80.0,0
1048,2020-03-05 04:28:00,78.0,0
1049,2020-03-05 04:29:00,73.0,0
1050,2020-03-05 04:30:00,72.0,0
1051,2020-03-05 04:31:00,71.0,0
1052,2020-03-05 04:32:00,71.0,0
1053,2020-03-05 04:33:00,70.0,0
1054,2020-03-05 04:34:00,70.0,0
1055,2020-03-05 04:35:00,69.0,0
1056,2020-03-05 04:36:00,69.0,0
1057,2020-03-05 04:37:00,68.0,0
1058,2020-03-05 04:38:00,69.43018985211245,1
1059,2020-03-05 04:39:00,0.0,0
1060,2020-03-05 04:40:00,0.0,0
1061,2020-03-05 04:41:00,0.0,0
1062,2020-03-05 04:42:00,0.0,0
1063,2020-03-05 04:43:00,0.0,0
1064,2020-03-05 04:44:00,0.0,0
1065,2020-03-05 04:45:00,0.0,0
1066,2020-03-05 04:46:00,0.0,0
1067,2020-03-05 04:47:00,0.0,0
1068,2020-03-05 04:48:00,0.0,0
1069,2020-03-05 04:49:00,0.0,0
1070,2020-03-05 04:50:00,0.0,0
1071,2020-03-05 04:51:00,0.0,0
1072,2020-03-05 04:52:00,0.0,0
1073,2020-03-05 04:53:00,164.0,0
1074,2020-03-05 04:54:00,328.0,0
1075,2020-03-05 04:55:00,79.0,0
1076,2020-03-05 04:56:00,79.0,0
1077,2020-03-05 04:57:00,73.0,0
1078,2020-03-05 04:58:00,72.0,0
1079,2020-03-05 04:59:00,72.0,0
1080,2020-03-05 05:00:00,71.0,0
1081,2020-03-05 05:01:00,70.0,0
1082,2020-03-05 05:02:00,69.0,0
1083,2020-03-05 05:03:00,69.0,0
1084,2020-03-05 05:04:00,68.0,0
1085,2020-03-05 05:05:00,68.0,0
1086,2020-03-05 05:06:00,68.27985182429029,1
1087,2020-03-05 05:07:00,68.0939514446827,1
1088,2020-03-05 05:08:00,0.0,0
1089,2020-03-05 05:09:00,0.0,0
1090,2020-03-05 05:10:00,0.0,0
1091,2020-03-05 05:11:00,0.0,0
1092,2020-03-05 05:12:00,0.0,0
1093,2020-03-05 05:13:00,0.0,0
1094,2020-03-05 05:14:00,0.0,0
1095,2020-03-05 05:15:00,0.0,0
1096,2020-03-05 05:16:00,0.0,0
1097,2020-03-05 05:17:00,0.0,0
1098,2020-03-05 05:18:00,0.0,0
1099,2020-03-05 05:19:00,0.0,0
1100,2020-03-05 05:20:00,0.0,0
1101,2020-03-05 05:21:00,0.0,0
1102,2020-03-05 05:22:00,0.0,0
1103,2020-03-05 05:23:00,327.0,0
1104,2020-03-05 05:24:00,79.0,0
1105,2020-03-05 05:25:00,78.0,0
1106,2020-03-05 05:26:00,74.0,0
1107,2020-03-05 05:27:00,72.0,0
1108,2020-03-05 05:28:00,71.0,0
1109,2020-03-05 05:29:00,71.0,0
1110,2020-03-05 05:30:00,70.0,0
1111,2020-03-05 05:31:00,69.0,0
1112,2020-03-05 05:32:00,69.0,0
1113,2020-03-05 05:33:00,69.0,0
1114,2020-03-05 05:34:00,68.0,0
1115,2020-03-05 05:35:00,34.0,0
1116,2020-03-05 05:36:00,56.98507113805122,1
1117,2020-03-05 05:37:00,56.81977720994359,1
1118,2020-03-05 05:38:00,0.0,0
1119,2020-03-05 05:39:00,0.0,0
1120,2020-03-05 05:40:00,0.0,0
1121,2020-03-05 05:41:00,0.0,0
1122,2020-03-05 05:42:00,0.0,0
1123,2020-03-05 05:43:00,0.0,0
1124,2020-03-05 05:44:00,0.0,0
1125,2020-03-05 05:45:00,0.0,0
1126,2020-03-05 05:46:00,0.0,0
1127,2020-03-05 05:47:00,0.0,0
1128,2020-03-05 05:48:00,0.0,0
1129,2020-03-05 05:49:00,0.0,0
1130,2020-03-05 05:50:00,0.0,0
1131,2020-03-05 05:51:00,0.0,0
1132,2020-03-05 05:52:00,304.0,0
1133,2020-03-05 05:53:00,80.0,0
1134,2020-03-05 05:54:00,76.0,0
1135,2020-03-05 05:55:00,74.0,0
1136,2020-03-05 05:56:00,72.0,0
1137,2020-03-05 05:57:00,72.0,0
1138,2020-03-05 05:58:00,71.0,0
1139,2020-03-05 05:59:00,71.0,0
1140,2020-03-05 06:00:00,70.0,0
1141,2020-03-05 06:01:00,69.0,0
1142,2020-03-05 06:02:00,68.0,0
1143,2020-03-05 06:03:00,68.0,0
1144,2020-03-05 06:04:00,68.0219653620554,1
1145,2020-03-05 06:05:00,0.0,0
1146,2020-03-05 06:06:00,0.0,0
1147,2020-03-05 06:07:00,0.0,0
1148,2020-03-05 06:08:00,0.0,0
1149,2020-03-05 06:09:00,0.0,0
1150,2020-03-05 06:10:00,0.0,0
1151,2020-03-05 06:11:00,0.0,0
1152,2020-03-05 06:12:00,0.0,0
1153,2020-03-05 06:13:00,0.0,0
1154,2020-03-05 06:14:00,0.0,0
1155,2020-03-05 06:15:00,0.0,0
1156,2020-03-05 06:16:00,0.0,0
1157,2020-03-05 06:17:00,0.0,0
1158,2020-03-05 06:18:00,0.0,0
1159,2020-03-05 06:19:00,0.0,0
1160,2020-03-05 06:20:00,325.0,0
1161,2020-03-05 06:21:00,80.0,0
1162,2020-03-05 06:22:00,78.0,0
1163,2020-03-05 06:23:00,73.0,0
1164,2020-03-05 06:24:00,72.0,0
1165,2020-03-05 06:25:00,71.0,0
1166,2020-03-05 06:26:00,71.0,0
1167,2020-03-05 06:27:00,70.0,0
1168,2020-03-05 06:28:00,69.0,0
1169,2020-03-05 06:29:00,69.0,0
1170,2020-03-05 06:30:00,68.0,0
1171,2020-03-05 06:31:00,68.0,0
1172,2020-03-05 06:32:00,68.61775672469244,1
1173,2020-03-05 06:33:00,0.0,0
1174,2020-03-05 06:34:00,0.0,0
1175,2020-03-05 06:35:00,0.0,0
1176,2020-03-05 06:36:00,0.0,0
1177,2020-03-05 06:37:00,0.0,0
1178,2020-03-05 06:38:00,0.0,0
1179,2020-03-05 06:39:00,0.0,0
1180,2020-03-05 06:40:00,0.0,0
1181,2020-03-05 06:41:00,0.0,0
1182,2020-03-05 06:42:00,0.0,0
1183,2020-03-05 06:43:00,0.0,0
1184,2020-03-05 06:44:00,0.0,0
1185,2020-03-05 06:45:00,0.0,0
1186,2020-03-05 06:46:00,0.0,0
1187,2020-03-05 06:47:00,0.0,0
1188,2020-03-05 06:48:00,300.0,0
1189,2020-03-05 06:49:00,80.0,0
1190,2020-03-05 06:50:00,78.0,0
1191,2020-03-05 06:51:00,74.0,0
1192,2020-03-05 06:52:00,72.0,0
1193,2020-03-05 06:53:00,72.0,0
1194,2020-03-05 06:54:00,70.0,0
1195,2020-03-05 06:55:00,70.0,0
1196,2020-03-05 06:56:00,69.0,0
1197,2020-03-05 06:57:00,68.0,0
1198,2020-03-05 06:58:00,68.0,0
1199,2020-03-05 06:59:00,68.0,0
1200,2020-03-05 07:00:00,68.48138599396749,1
1201,2020-03-05 07:01:00,0.0,0
1202,2020-03-05 07:02:00,0.0,0
1203,2020-03-05 07:03:00,0.0,0
1204,2020-03-05 07:04:00,0.0,0
1205,2020-03-05 07:05:00,0.0,0
1206,2020-03-05 07:06:00,0.0,0
1207,2020-03-05 07:07:00,0.0,0
1208,2020-03-05 07:08:00,0.0,0
1209,2020-03-05 07:09:00,0.0,0
1210,2020-03-05 07:10:00,0.0,0
1211,2020-03-05 07:11:00,0.0,0
1212,2020-03-05 07:12:00,0.0,0
1213,2020-03-05 07:13:00,0.0,0
1214,2020-03-05 07:14:00,0.0,0
1215,2020-03-05 07:15:00,0.0,0
1216,2020-03-05 07:16:00,0.0,0
1217,2020-03-05 07:17:00,176.0,0
1218,2020-03-05 07:18:00,78.0,0
1219,2020-03-05 07:19:00,74.0,0
1220,2020-03-05 07:20:00,72.0,0
1221,2020-03-05 07:21:00,72.0,0
1222,2020-03-05 07:22:00,70.0,0
1223,2020-03-05 07:23:00,70.0,0
1224,2020-03-05 07:24:00,69.0,0
1225,2020-03-05 07:25:00,68.0,0
1226,2020-03-05 07:26:00,67.0,0
1227,2020-03-05 07:27:00,68.0,0
1228,2020-03-05 07:28:00,44.0,0
1229,2020-03-05 07:29:00,59.85639255590943,1
1230,2020-03-05 07:30:00,0.0,0
1231,2020-03-05 07:31:00,0.0,0
1232,2020-03-05 07:32:00,0.0,0
1233,2020-03-05 07:33:00,0.0,0
1234,2020-03-05 07:34:00,0.0,0
1235,2020-03-05 07:35:00,0.0,0
1236,2020-03-05 07:36:00,0.0,0
1237,2020-03-05 07:37:00,0.0,0
1238,2020-03-05 07:38:00,0.0,0
1239,2020-03-05 07:39:00,0.0,0
1240,2020-03-05 07:40:00,0.0,0
1241,2020-03-05 07:41:00,0.0,0
1242,2020-03-05 07:42:00,0.0,0
1243,2020-03-05 07:43:00,0.0,0
1244,2020-03-05 07:44:00,0.0,0
1245,2020-03-05 07:45:00,79.0,0
1246,2020-03-05 07:46:00,79.0,0
1247,2020-03-05 07:47:00,76.0,0
1248,2020-03-05 07:48:00,72.0,0
1249,2020-03-05 07:49:00,71.0,0
1250,2020-03-05 07:50:00,70.0,0
1251,2020-03-05 07:51:00,69.0,0
1252,2020-03-05 07:52:00,69.0,0
1253,2020-03-05 07:53:00,69.0,0
1254,2020-03-05 07:54:00,68.0,0
1255,2020-03-05 07:55:00,67.0,0
1256,2020-03-05 07:56:00,65.0,0
1257,2020-03-05 07:57:00,67.09268907805644,1
1258,2020-03-05 07:58:00,0.0,0
1259,2020-03-05 07:59:00,0.0,0
1260,2020-03-05 08:00:00,0.0,0
1261,2020-03-05 08:01:00,0.0,0
1262,2020-03-05 08:02:00,0.0,0
1263,2020-03-05 08:03:00,0.0,0
1264,2020-03-05 08:04:00,0.0,0
1265,2020-03-05 08:05:00,0.0,0
1266,2020-03-05 08:06:00,0.0,0
1267,2020-03-05 08:07:00,0.0,0
1268,2020-03-05 08:08:00,0.0,0
1269,2020-03-05 08:09:00,0.0,0
1270,2020-03-05 08:10:00,0.0,0
1271,2020-03-05 08:11:00,0.0,0
1272,2020-03-05 08:12:00,0.0,0
1273,2020-03-05 08:13:00,82.0,0
1274,2020-03-05 08:14:00,79.0,0
1275,2020-03-05 08:15:00,77.0,0
1276,2020-03-05 08:16:00,72.0,0
1277,2020-03-05 08:17:00,71.0,0
1278,2020-03-05 08:18:00,70.0,0
1279,2020-03-05 08:19:00,70.0,0
1280,2020-03-05 08:20:00,69.0,0
1281,2020-03-05 08:21:00,69.0,0
1282,2020-03-05 08:22:00,67.0,0
1283,2020-03-05 08:23:00,67.0,0
1284,2020-03-05 08:24:00,67.49489648522344,1
1285,2020-03-05 08:25:00,0.0,0
1286,2020-03-05 08:26:00,0.0,0
1287,2020-03-05 08:27:00,0.0,0
1288,2020-03-05 08:28:00,0.0,0
1289,2020-03-05 08:29:00,0.0,0
1290,2020-03-05 08:30:00,0.0,0
1291,2020-03-05 08:31:00,0.0,0
1292,2020-03-05 08:32:00,0.0,0
1293,2020-03-05 08:33:00,0.0,0
1294,2020-03-05 08:34:00,0.0,0
1295,2020-03-05 08:35:00,0.0,0
1296,2020-03-05 08:36:00,0.0,0
1297,2020-03-05 08:37:00,0.0,0
1298,2020-03-05 08:38:00,0.0,0
1299,2020-03-05 08:39:00,0.0,0
1300,2020-03-05 08:40:00,0.0,0
1301,2020-03-05 08:41:00,79.0,0
1302,2020-03-05 08:42:00,79.0,0
1303,2020-03-05 08:43:00,77.0,0
1304,2020-03-05 08:44:00,73.0,0
1305,2020-03-05 08:45:00,71.0,0
1306,2020-03-05 08:46:00,71.0,0
1307,2020-03-05 08:47:00,70.0,0
1308,2020-03-05 08:48:00,69.0,0
1309,2020-03-05 08:49:00,69.0,0
1310,2020-03-05 08:50:00,68.0,0
1311,2020-03-05 08:51:00,67.0,0
1312,2020-03-05 08:52:00,67.0,0
1313,2020-03-05 08:53:00,67.51837199827527,1
1314,2020-03-05 08:54:00,0.0,0
1315,2020-03-05 08:55:00,0.0,0
1316,2020-03-05 08:56:00,0.0,0
1317,2020-03-05 08:57:00,0.0,0
1318,2020-03-05 08:58:00,0.0,0
1319,2020-03-05 08:59:00,0.0,0
1320,2020-03-05 09:00:00,0.0,0
1321,2020-03-05 09:01:00,0.0,0
1322,2020-03-05 09:02:00,0.0,0
1323,2020-03-05 09:03:00,0.0,0
1324,2020-03-05 09:04:00,0.0,0
1325,2020-03-05 09:05:00,0.0,0
1326,2020-03-05 09:06:00,0.0,0
1327,2020-03-05 09:07:00,0.0,0
1328,2020-03-05 09:08:00,0.0,0
1329,2020-03-05 09:09:00,168.0,0
1330,2020-03-05 09:10:00,336.0,0
1331,2020-03-05 09:11:00,78.0,0
1332,2020-03-05 09:12:00,73.0,0
1333,2020-03-05 09:13:00,71.0,0
1334,2020-03-05 09:14:00,71.0,0
1335,2020-03-05 09:15:00,70.0,0
1336,2020-03-05 09:16:00,70.0,0
1337,2020-03-05 09:17:00,69.0,0
1338,2020-03-05 09:18:00,69.0,0
1339,2020-03-05 09:19:00,68.0,0
1340,2020-03-05 09:20:00,68.0,0
1341,2020-03-05 09:21:00,68.56879590285003,1
1342,2020-03-05 09:22:00,0.0,0
1343,2020-03-05 09:23:00,0.0,0
1344,2020-03-05 09:24:00,0.0,0
1345,2020-03-05 09:25:00,0.0,0
1346,2020-03-05 09:26:00,0.0,0
1347,2020-03-05 09:27:00,0.0,0
1348,2020-03-05 09:28:00,0.0,0
1349,2020-03-05 09:29:00,0.0,0
1350,2020-03-05 09:30:00,0.0,0
1351,2020-03-05 09:31:00,0.0,0
1352,2020-03-05 09:32:00,0.0,0
1353,2020-03-05 09:33:00,0.0,0
1354,2020-03-05 09:34:00,0.0,0
1355,2020-03-05 09:35:00,0.0,0
1356,2020-03-05 09:36:00,0.0,0
1357,2020-03-05 09:37:00,0.0,0
1358,2020-03-05 09:38:00,297.0,0
1359,2020-03-05 09:39:00,79.0,0
1360,2020-03-05 09:40:00,76.0,0
1361,2020-03-05 09:41:00,72.0,0
1362,2020-03-05 09:42:00,71.0,0
1363,2020-03-05 09:43:00,71.0,0
1364,2020-03-05 09:44:00,70.0,0
1365,2020-03-05 09:45:00,70.0,0
1366,2020-03-05 09:46:00,69.0,0
1367,2020-03-05 09:47:00,68.0,0
1368,2020-03-05 09:48:00,68.0,0
1369,2020-03-05 09:49:00,11.0,0
1370,2020-03-05 09:50:00,49.26566882724724,1
1371,2020-03-05 09:51:00,0.0,0
1372,2020-03-05 09:52:00,0.0,0
1373,2020-03-05 09:53:00,0.0,0
1374,2020-03-05 09:54:00,0.0,0
1375,2020-03-05 09:55:00,0.0,0
1376,2020-03-05 09:56:00,0.0,0
1377,2020-03-05 09:57:00,0.0,0
1378,2020-03-05 09:58:00,0.0,0
1379,2020-03-05 09:59:00,0.0,0
1380,2020-03-05 10:00:00,0.0,0
1381,2020-03-05 10:01:00,0.0,0
1382,2020-03-05 10:02:00,0.0,0
1383,2020-03-05 10:03:00,0.0,0
1384,2020-03-05 10:04:00,0.0,0
1385,2020-03-05 10:05:00,0.0,0
1386,2020-03-05 10:06:00,347.0,0
1387,2020-03-05 10:07:00,79.0,0
1388,2020-03-05 10:08:00,77.0,0
1389,2020-03-05 10:09:00,73.0,0
1390,2020-03-05 10:10:00,71.0,0
1391,2020-03-05 10:11:00,71.0,0
1392,2020-03-05 10:12:00,71.0,0
1393,2020-03-05 10:13:00,70.0,0
1394,2020-03-05 10:14:00,69.0,0
1395,2020-03-05 10:15:00,68.0,0
1396,2020-03-05 10:16:00,68.0,0
1397,2020-03-05 10:17:00,67.0,0
1398,2020-03-05 10:18:00,67.78401700110629,1
1399,2020-03-05 10:19:00,0.0,0
1400,2020-03-05 10:20:00,0.0,0
1401,2020-03-05 10:21:00,0.0,0
1402,2020-03-05 10:22:00,0.0,0
1403,2020-03-05 10:23:00,0.0,0
1404,2020-03-05 10:24:00,0.0,0
1405,2020-03-05 10:25:00,0.0,0
1406,2020-03-05 10:26:00,0.0,0
1407,2020-03-05 10:27:00,0.0,0
1408,2020-03-05 10:28:00,0.0,0
1409,2020-03-05 10:29:00,0.0,0
1410,2020-03-05 10:30:00,0.0,0
1411,2020-03-05 10:31:00,0.0,0
1412,2020-03-05 10:32:00,0.0,0
1413,2020-03-05 10:33:00,0.0,0
1414,2020-03-05 10:34:00,331.0,0
1415,2020-03-05 10:35:00,79.0,0
1416,2020-03-05 10:36:00,78.0,0
1417,2020-03-05 10:37:00,73.0,0
1418,2020-03-05 10:38:00,72.0,0
1419,2020-03-05 10:39:00,71.0,0
1420,2020-03-05 10:40:00,71.0,0
1421,2020-03-05 10:41:00,70.0,0
1422,2020-03-05 10:42:00,69.0,0
1423,2020-03-05 10:43:00,69.0,0
1424,2020-03-05 10:44:00,68.0,0
1425,2020-03-05 10:45:00,68.0,0
1426,2020-03-05 10:46:00,68.28800929711912,1
1427,2020-03-05 10:47:00,0.0,0
1428,2020-03-05 10:48:00,0.0,0
1429,2020-03-05 10:49:00,0.0,0
1430,2020-03-05 10:50:00,0.0,0
1431,2020-03-05 10:51:00,0.0,0
1432,2020-03-05 10:52:00,0.0,0
1433,2020-03-05 10:53:00,0.0,0
1434,2020-03-05 10:54:00,0.0,0
1435,2020-03-05 10:55:00,0.0,0
1436,2020-03-05 10:56:00,0.0,0
1437,2020-03-05 10:57:00,0.0,0
1438,2020-03-05 10:58:00,0.0,0
1439,2020-03-05 10:59:00,0.0,0
1440,2020-03-05 11:00:00,0.0,0
1441,2020-03-05 11:01:00,0.0,0
1442,2020-03-05 11:02:00,82.0,0
1443,2020-03-05 11:03:00,80.0,0
1444,2020-03-05 11:04:00,79.0,0
1445,2020-03-05 11:05:00,74.0,0
1446,2020-03-05 11:06:00,72.0,0
1447,2020-03-05 11:07:00,71.0,0
1448,2020-03-05 11:08:00,71.0,0
1449,2020-03-05 11:09:00,70.0,0
1450,2020-03-05 11:10:00,69.0,0
1451,2020-03-05 11:11:00,69.0,0
1452,2020-03-05 11:12:00,68.0,0
1453,2020-03-05 11:13:00,68.0,0
1454,2020-03-05 11:14:00,68.1500817791903,1
1455,2020-03-05 11:15:00,0.0,0
1456,2020-03-05 11:16:00,0.0,0
1457,2020-03-05 11:17:00,0.0,0
1458,2020-03-05 11:18:00,0.0,0
1459,2020-03-05 11:19:00,0.0,0
1460,2020-03-05 11:20:00,0.0,0
1461,2020-03-05 11:21:00,0.0,0
1462,2020-03-05 11:22:00,0.0,0
1463,2020-03-05 11:23:00,0.0,0
1464,2020-03-05 11:24:00,0.0,0
1465,2020-03-05 11:25:00,0.0,0
1466,2020-03-05 11:26:00,0.0,0
1467,2020-03-05 11:27:00,0.0,0
1468,2020-03-05 11:28:00,0.0,0
1469,2020-03-05 11:29:00,0.0,0
1470,2020-03-05 11:30:00,297.0,0
1471,2020-03-05 11:31:00,80.0,0
1472,2020-03-05 11:32:00,79.0,0
1473,2020-03-05 11:33:00,74.0,0
1474,2020-03-05 11:34:00,72.0,0
1475,2020-03-05 11:35:00,72.0,0
1476,2020-03-05 11:36:00,71.0,0
1477,2020-03-05 11:37:00,70.0,0
1478,2020-03-05 11:38:00,69.0,0
1479,2020-03-05 11:39:00,68.0,0
1480,2020-03-05 11:40:00,68.0,0
1481,2020-03-05 11:41:00,68.0,0
1482,2020-03-05 11:42:00,68.7339367052642,1
1483,2020-03-05 11:43:00,0.0,0
1484,2020-03-05 11:44:00,0.0,0
1485,2020-03-05 11:45:00,0.0,0
1486,2020-03-05 11:46:00,0.0,0
1487,2020-03-05 11:47:00,0.0,0
1488,2020-03-05 11:48:00,0.0,0
1489,2020-03-05 11:49:00,0.0,0
1490,2020-03-05 11:50:00,0.0,0
1491,2020-03-05 11:51:00,0.0,0
1492,2020-03-05 11:52:00,0.0,0
1493,2020-03-05 11:53:00,0.0,0
1494,2020-03-05 11:54:00,0.0,0
1495,2020-03-05 11:55:00,0.0,0
1496,2020-03-05 11:56:00,0.0,0
1497,2020-03-05 11:57:00,0.0,0
1498,2020-03-05 11:58:00,0.0,0
1499,2020-03-05 11:59:00,80.0,0
1500,2020-03-05 12:00:00,79.0,0
1501,2020-03-05 12:01:00,73.0,0
1502,2020-03-05 12:02:00,72.0,0
1503,2020-03-05 12:03:00,72.0,0
1504,2020-03-05 12:04:00,71.0,0
1505,2020-03-05 12:05:00,70.0,0
1506,2020-03-05 12:06:00,69.0,0
1507,2020-03-05 12:07:00,68.0,0
1508,2020-03-05 12:08:00,68.0,0
1509,2020-03-05 12:09:00,68.0,0
1510,2020-03-05 12:10:00,33.0,0
1511,2020-03-05 12:11:00,56.0085949944746,1
1512,2020-03-05 12:12:00,0.0,0
1513,2020-03-05 12:13:00,0.0,0
1514,2020-03-05 12:14:00,0.0,0
1515,2020-03-05 12:15:00,0.0,0
1516,2020-03-05 12:16:00,0.0,0
1517,2020-03-05 12:17:00,0.0,0
1518,2020-03-05 12:18:00,0.0,0
1519,2020-03-05 12:19:00,0.0,0
1520,2020-03-05 12:20:00,0.0,0
1521,2020-03-05 12:21:00,0.0,0
1522,2020-03-05 12:22:00,0.0,0
1523,2020-03-05 12:23:00,0.0,0
